<?xml version="1.0" encoding="UTF-8"?>
<project-private xmlns="http://www.netbeans.org/ns/project-private/1">
    <editor-bookmarks xmlns="http://www.netbeans.org/ns/editor-bookmarks/2" lastBookmarkId="0"/>
    <open-files xmlns="http://www.netbeans.org/ns/projectui-open-files/2">
        <group>
            <file>file:/C:/Users/ultronhouse11/Documents/NetBeansProjects/POSResturent/src/posresturent/mainPanel.java</file>
            <file>file:/C:/Users/ultronhouse11/Documents/NetBeansProjects/POSResturent/src/posresturent/dashboard.java</file>
            <file>file:/C:/Users/ultronhouse11/Documents/NetBeansProjects/POSResturent/src/posresturent/POSResturent.java</file>
        </group>
    </open-files>
</project-private>
